iteration,value
1,0.1188374261182712
2,0.1444275114272938
3,0.13585058873503048
4,0.14465000545501472
5,0.15567288721885775
6,0.12195862943168237
7,0.11668496684105259
8,0.13628148956603603
9,0.11776445601046488
10,0.12413717467229375
